#,Pokemon,Type 1,Type 2,Total,HP,Attack,Defense,Special Attack,Special Defense,Speed,Legendary,Evolves Into
1,bulbasaur,grass,poison,318,45,49,49,65,65,45,false,"ivysaur"
2,ivysaur,grass,poison,405,60,62,63,80,80,60,false,"venusaur"
3,venusaur,grass,poison,525,80,82,83,100,100,80,false,""
4,charmander,fire,,309,39,52,43,60,50,65,false,"charmeleon"
5,charmeleon,fire,,405,58,64,58,80,65,80,false,"charizard"
6,charizard,fire,flying,534,78,84,78,109,85,100,false,""
7,squirtle,water,,314,44,48,65,50,64,43,false,"wartortle"
8,wartortle,water,,405,59,63,80,65,80,58,false,"blastoise"
9,blastoise,water,,530,79,83,100,85,105,78,false,""
10,caterpie,bug,,195,45,30,35,20,20,45,false,"metapod"
11,metapod,bug,,205,50,20,55,25,25,30,false,"butterfree"
12,butterfree,bug,flying,395,60,45,50,90,80,70,false,""
13,weedle,bug,poison,195,40,35,30,20,20,50,false,"kakuna"
14,kakuna,bug,poison,205,45,25,50,25,25,35,false,"beedrill"
15,beedrill,bug,poison,395,65,90,40,45,80,75,false,""
16,pidgey,normal,flying,251,40,45,40,35,35,56,false,"pidgeotto"
17,pidgeotto,normal,flying,349,63,60,55,50,50,71,false,"pidgeot"
18,pidgeot,normal,flying,479,83,80,75,70,70,101,false,""
19,rattata,normal,,253,30,56,35,25,35,72,false,"raticate"
20,raticate,normal,,413,55,81,60,50,70,97,false,""
21,spearow,normal,flying,262,40,60,30,31,31,70,false,"fearow"
22,fearow,normal,flying,442,65,90,65,61,61,100,false,""
23,ekans,poison,,288,35,60,44,40,54,55,false,"arbok"
24,arbok,poison,,448,60,95,69,65,79,80,false,""
172,pichu,electric,,205,20,40,15,35,35,60,false,"pikachu"
25,pikachu,electric,,320,35,55,40,50,50,90,false,"raichu"
26,raichu,electric,,485,60,90,55,90,80,110,false,""
27,sandshrew,ground,,300,50,75,85,20,30,40,false,"sandslash"
28,sandslash,ground,,450,75,100,110,45,55,65,false,""
29,nidoran-f,poison,,275,55,47,52,40,40,41,false,"nidorina"
30,nidorina,poison,,365,70,62,67,55,55,56,false,"nidoqueen"
31,nidoqueen,poison,ground,505,90,92,87,75,85,76,false,""
32,nidoran-m,poison,,273,46,57,40,40,40,50,false,"nidorino"
33,nidorino,poison,,365,61,72,57,55,55,65,false,"nidoking"
34,nidoking,poison,ground,505,81,102,77,85,75,85,false,""
173,cleffa,fairy,,218,50,25,28,45,55,15,false,"clefairy"
35,clefairy,fairy,,323,70,45,48,60,65,35,false,"clefable"
36,clefable,fairy,,483,95,70,73,95,90,60,false,""
37,vulpix,fire,,299,38,41,40,50,65,65,false,"ninetales"
38,ninetales,fire,,505,73,76,75,81,100,100,false,""
174,igglybuff,normal,fairy,210,90,30,15,40,20,15,false,"jigglypuff"
39,jigglypuff,normal,fairy,270,115,45,20,45,25,20,false,"wigglytuff"
40,wigglytuff,normal,fairy,435,140,70,45,85,50,45,false,""
41,zubat,poison,flying,245,40,45,35,30,40,55,false,"golbat"
42,golbat,poison,flying,455,75,80,70,65,75,90,false,"crobat"
169,crobat,poison,flying,535,85,90,80,70,80,130,false,""
43,oddish,grass,poison,320,45,50,55,75,65,30,false,"gloom"
44,gloom,grass,poison,395,60,65,70,85,75,40,false,"vileplume,bellossom"
45,vileplume,grass,poison,490,75,80,85,110,90,50,false,""
182,bellossom,grass,,490,75,80,95,90,100,50,false,""
46,paras,bug,grass,285,35,70,55,45,55,25,false,"parasect"
47,parasect,bug,grass,405,60,95,80,60,80,30,false,""
48,venonat,bug,poison,305,60,55,50,40,55,45,false,"venomoth"
49,venomoth,bug,poison,450,70,65,60,90,75,90,false,""
50,diglett,ground,,265,10,55,25,35,45,95,false,"dugtrio"
51,dugtrio,ground,,425,35,100,50,50,70,120,false,""
52,meowth,normal,,290,40,45,35,40,40,90,false,"persian,perrserker"
53,persian,normal,,440,65,70,60,65,65,115,false,""
863,perrserker,steel,,440,70,110,100,50,60,50,false,""
54,psyduck,water,,320,50,52,48,65,50,55,false,"golduck"
55,golduck,water,,500,80,82,78,95,80,85,false,""
56,mankey,fighting,,305,40,80,35,35,45,70,false,"primeape"
57,primeape,fighting,,455,65,105,60,60,70,95,false,"annihilape"
979,annihilape,fighting,ghost,535,110,115,80,50,90,90,false,""
58,growlithe,fire,,350,55,70,45,70,50,60,false,"arcanine"
59,arcanine,fire,,555,90,110,80,100,80,95,false,""
60,poliwag,water,,300,40,50,40,40,40,90,false,"poliwhirl"
61,poliwhirl,water,,385,65,65,65,50,50,90,false,"poliwrath,politoed"
62,poliwrath,water,fighting,510,90,95,95,70,90,70,false,""
186,politoed,water,,500,90,75,75,90,100,70,false,""
63,abra,psychic,,310,25,20,15,105,55,90,false,"kadabra"
64,kadabra,psychic,,400,40,35,30,120,70,105,false,"alakazam"
65,alakazam,psychic,,500,55,50,45,135,95,120,false,""
66,machop,fighting,,305,70,80,50,35,35,35,false,"machoke"
67,machoke,fighting,,405,80,100,70,50,60,45,false,"machamp"
68,machamp,fighting,,505,90,130,80,65,85,55,false,""
69,bellsprout,grass,poison,300,50,75,35,70,30,40,false,"weepinbell"
70,weepinbell,grass,poison,390,65,90,50,85,45,55,false,"victreebel"
71,victreebel,grass,poison,490,80,105,65,100,70,70,false,""
72,tentacool,water,poison,335,40,40,35,50,100,70,false,"tentacruel"
73,tentacruel,water,poison,515,80,70,65,80,120,100,false,""
74,geodude,rock,ground,300,40,80,100,30,30,20,false,"graveler"
75,graveler,rock,ground,390,55,95,115,45,45,35,false,"golem"
76,golem,rock,ground,495,80,120,130,55,65,45,false,""
77,ponyta,fire,,410,50,85,55,65,65,90,false,"rapidash"
78,rapidash,fire,,500,65,100,70,80,80,105,false,""
79,slowpoke,water,psychic,315,90,65,65,40,40,15,false,"slowbro,slowking"
80,slowbro,water,psychic,490,95,75,110,100,80,30,false,""
199,slowking,water,psychic,490,95,75,80,100,110,30,false,""
81,magnemite,electric,steel,325,25,35,70,95,55,45,false,"magneton"
82,magneton,electric,steel,465,50,60,95,120,70,70,false,"magnezone"
462,magnezone,electric,steel,535,70,70,115,130,90,60,false,""
83,farfetchd,normal,flying,377,52,90,55,58,62,60,false,"sirfetchd"
865,sirfetchd,fighting,,507,62,135,95,68,82,65,false,""
84,doduo,normal,flying,310,35,85,45,35,35,75,false,"dodrio"
85,dodrio,normal,flying,470,60,110,70,60,60,110,false,""
86,seel,water,,325,65,45,55,45,70,45,false,"dewgong"
87,dewgong,water,ice,475,90,70,80,70,95,70,false,""
88,grimer,poison,,325,80,80,50,40,50,25,false,"muk"
89,muk,poison,,500,105,105,75,65,100,50,false,""
90,shellder,water,,305,30,65,100,45,25,40,false,"cloyster"
91,cloyster,water,ice,525,50,95,180,85,45,70,false,""
92,gastly,ghost,poison,310,30,35,30,100,35,80,false,"haunter"
93,haunter,ghost,poison,405,45,50,45,115,55,95,false,"gengar"
94,gengar,ghost,poison,500,60,65,60,130,75,110,false,""
95,onix,rock,ground,385,35,45,160,30,45,70,false,"steelix"
208,steelix,steel,ground,510,75,85,200,55,65,30,false,""
96,drowzee,psychic,,328,60,48,45,43,90,42,false,"hypno"
97,hypno,psychic,,483,85,73,70,73,115,67,false,""
98,krabby,water,,325,30,105,90,25,25,50,false,"kingler"
99,kingler,water,,475,55,130,115,50,50,75,false,""
100,voltorb,electric,,330,40,30,50,55,55,100,false,"electrode"
101,electrode,electric,,490,60,50,70,80,80,150,false,""
102,exeggcute,grass,psychic,325,60,40,80,60,45,40,false,"exeggutor"
103,exeggutor,grass,psychic,530,95,95,85,125,75,55,false,""
104,cubone,ground,,320,50,50,95,40,50,35,false,"marowak"
105,marowak,ground,,425,60,80,110,50,80,45,false,""
236,tyrogue,fighting,,210,35,35,35,35,35,35,false,"hitmonlee,hitmonchan,hitmontop"
106,hitmonlee,fighting,,455,50,120,53,35,110,87,false,""
107,hitmonchan,fighting,,455,50,105,79,35,110,76,false,""
237,hitmontop,fighting,,455,50,95,95,35,110,70,false,""
108,lickitung,normal,,385,90,55,75,60,75,30,false,"lickilicky"
463,lickilicky,normal,,515,110,85,95,80,95,50,false,""
109,koffing,poison,,340,40,65,95,60,45,35,false,"weezing"
110,weezing,poison,,490,65,90,120,85,70,60,false,""
111,rhyhorn,ground,rock,345,80,85,95,30,30,25,false,"rhydon"
112,rhydon,ground,rock,485,105,130,120,45,45,40,false,"rhyperior"
464,rhyperior,ground,rock,535,115,140,130,55,55,40,false,""
440,happiny,normal,,220,100,5,5,15,65,30,false,"chansey"
113,chansey,normal,,450,250,5,5,35,105,50,false,"blissey"
242,blissey,normal,,540,255,10,10,75,135,55,false,""
114,tangela,grass,,435,65,55,115,100,40,60,false,"tangrowth"
465,tangrowth,grass,,535,100,100,125,110,50,50,false,""
115,kangaskhan,normal,,490,105,95,80,40,80,90,false,""
116,horsea,water,,295,30,40,70,70,25,60,false,"seadra"
117,seadra,water,,440,55,65,95,95,45,85,false,"kingdra"
230,kingdra,water,dragon,540,75,95,95,95,95,85,false,""
118,goldeen,water,,320,45,67,60,35,50,63,false,"seaking"
119,seaking,water,,450,80,92,65,65,80,68,false,""
120,staryu,water,,340,30,45,55,70,55,85,false,"starmie"
121,starmie,water,psychic,520,60,75,85,100,85,115,false,""
439,mime-jr,psychic,fairy,310,20,25,45,70,90,60,false,"mr-mime"
122,mr-mime,psychic,fairy,460,40,45,65,100,120,90,false,"mr-rime"
866,mr-rime,ice,psychic,520,80,85,75,110,100,70,false,""
123,scyther,bug,flying,500,70,110,80,55,80,105,false,"scizor,kleavor"
212,scizor,bug,steel,500,70,130,100,55,80,65,false,""
900,kleavor,bug,rock,500,70,135,95,45,70,85,false,""
238,smoochum,ice,psychic,305,45,30,15,85,65,65,false,"jynx"
124,jynx,ice,psychic,455,65,50,35,115,95,95,false,""
239,elekid,electric,,360,45,63,37,65,55,95,false,"electabuzz"
125,electabuzz,electric,,490,65,83,57,95,85,105,false,"electivire"
466,electivire,electric,,540,75,123,67,95,85,95,false,""
240,magby,fire,,365,45,75,37,70,55,83,false,"magmar"
126,magmar,fire,,495,65,95,57,100,85,93,false,"magmortar"
467,magmortar,fire,,540,75,95,67,125,95,83,false,""
127,pinsir,bug,,500,65,125,100,55,70,85,false,""
128,tauros,normal,,490,75,100,95,40,70,110,false,""
129,magikarp,water,,200,20,10,55,15,20,80,false,"gyarados"
130,gyarados,water,flying,540,95,125,79,60,100,81,false,""
131,lapras,water,ice,535,130,85,80,85,95,60,false,""
132,ditto,normal,,288,48,48,48,48,48,48,false,""
133,eevee,normal,,325,55,55,50,45,65,55,false,"vaporeon,jolteon,flareon,espeon,umbreon,leafeon,glaceon,sylveon"
134,vaporeon,water,,525,130,65,60,110,95,65,false,""
135,jolteon,electric,,525,65,65,60,110,95,130,false,""
136,flareon,fire,,525,65,130,60,95,110,65,false,""
196,espeon,psychic,,525,65,65,60,130,95,110,false,""
197,umbreon,dark,,525,95,65,110,60,130,65,false,""
470,leafeon,grass,,525,65,110,130,60,65,95,false,""
471,glaceon,ice,,525,65,60,110,130,95,65,false,""
700,sylveon,fairy,,525,95,65,65,110,130,60,false,""
137,porygon,normal,,395,65,60,70,85,75,40,false,"porygon2"
233,porygon2,normal,,515,85,80,90,105,95,60,false,"porygon-z"
474,porygon-z,normal,,535,85,80,70,135,75,90,false,""
138,omanyte,rock,water,355,35,40,100,90,55,35,false,"omastar"
139,omastar,rock,water,495,70,60,125,115,70,55,false,""
140,kabuto,rock,water,355,30,80,90,55,45,55,false,"kabutops"
141,kabutops,rock,water,495,60,115,105,65,70,80,false,""
142,aerodactyl,rock,flying,515,80,105,65,60,75,130,false,""
446,munchlax,normal,,390,135,85,40,40,85,5,false,"snorlax"
143,snorlax,normal,,540,160,110,65,65,110,30,false,""
144,articuno,ice,flying,580,90,85,100,95,125,85,true,""
145,zapdos,electric,flying,580,90,90,85,125,90,100,true,""
146,moltres,fire,flying,580,90,100,90,125,85,90,true,""
147,dratini,dragon,,300,41,64,45,50,50,50,false,"dragonair"
148,dragonair,dragon,,420,61,84,65,70,70,70,false,"dragonite"
149,dragonite,dragon,flying,600,91,134,95,100,100,80,false,""
150,mewtwo,psychic,,680,106,110,90,154,90,130,true,""
151,mew,psychic,,600,100,100,100,100,100,100,false,""
152,chikorita,grass,,318,45,49,65,49,65,45,false,"bayleef"
153,bayleef,grass,,405,60,62,80,63,80,60,false,"meganium"
154,meganium,grass,,525,80,82,100,83,100,80,false,""
155,cyndaquil,fire,,309,39,52,43,60,50,65,false,"quilava"
156,quilava,fire,,405,58,64,58,80,65,80,false,"typhlosion"
157,typhlosion,fire,,534,78,84,78,109,85,100,false,""
158,totodile,water,,314,50,65,64,44,48,43,false,"croconaw"
159,croconaw,water,,405,65,80,80,59,63,58,false,"feraligatr"
160,feraligatr,water,,530,85,105,100,79,83,78,false,""
161,sentret,normal,,215,35,46,34,35,45,20,false,"furret"
162,furret,normal,,415,85,76,64,45,55,90,false,""
163,hoothoot,normal,flying,262,60,30,30,36,56,50,false,"noctowl"
164,noctowl,normal,flying,452,100,50,50,86,96,70,false,""
165,ledyba,bug,flying,265,40,20,30,40,80,55,false,"ledian"
166,ledian,bug,flying,390,55,35,50,55,110,85,false,""
167,spinarak,bug,poison,250,40,60,40,40,40,30,false,"ariados"
168,ariados,bug,poison,400,70,90,70,60,70,40,false,""
170,chinchou,water,electric,330,75,38,38,56,56,67,false,"lanturn"
171,lanturn,water,electric,460,125,58,58,76,76,67,false,""
175,togepi,fairy,,245,35,20,65,40,65,20,false,"togetic"
176,togetic,fairy,flying,405,55,40,85,80,105,40,false,"togekiss"
468,togekiss,fairy,flying,545,85,50,95,120,115,80,false,""
177,natu,psychic,flying,320,40,50,45,70,45,70,false,"xatu"
178,xatu,psychic,flying,470,65,75,70,95,70,95,false,""
179,mareep,electric,,280,55,40,40,65,45,35,false,"flaaffy"
180,flaaffy,electric,,365,70,55,55,80,60,45,false,"ampharos"
181,ampharos,electric,,510,90,75,85,115,90,55,false,""
298,azurill,normal,fairy,190,50,20,40,20,40,20,false,"marill"
183,marill,water,fairy,250,70,20,50,20,50,40,false,"azumarill"
184,azumarill,water,fairy,420,100,50,80,60,80,50,false,""
438,bonsly,rock,,290,50,80,95,10,45,10,false,"sudowoodo"
185,sudowoodo,rock,,410,70,100,115,30,65,30,false,""
187,hoppip,grass,flying,250,35,35,40,35,55,50,false,"skiploom"
188,skiploom,grass,flying,340,55,45,50,45,65,80,false,"jumpluff"
189,jumpluff,grass,flying,460,75,55,70,55,95,110,false,""
190,aipom,normal,,360,55,70,55,40,55,85,false,"ambipom"
424,ambipom,normal,,482,75,100,66,60,66,115,false,""
191,sunkern,grass,,180,30,30,30,30,30,30,false,"sunflora"
192,sunflora,grass,,425,75,75,55,105,85,30,false,""
193,yanma,bug,flying,390,65,65,45,75,45,95,false,"yanmega"
469,yanmega,bug,flying,515,86,76,86,116,56,95,false,""
194,wooper,water,ground,210,55,45,45,25,25,15,false,"quagsire,clodsire"
195,quagsire,water,ground,430,95,85,85,65,65,35,false,""
980,clodsire,poison,ground,430,130,75,60,45,100,20,false,""
198,murkrow,dark,flying,405,60,85,42,85,42,91,false,"honchkrow"
430,honchkrow,dark,flying,505,100,125,52,105,52,71,false,""
200,misdreavus,ghost,,435,60,60,60,85,85,85,false,"mismagius"
429,mismagius,ghost,,495,60,60,60,105,105,105,false,""
201,unown,psychic,,336,48,72,48,72,48,48,false,""
360,wynaut,psychic,,260,95,23,48,23,48,23,false,"wobbuffet"
202,wobbuffet,psychic,,405,190,33,58,33,58,33,false,""
203,girafarig,normal,psychic,455,70,80,65,90,65,85,false,"farigiraf"
981,farigiraf,normal,psychic,520,120,90,70,110,70,60,false,""
204,pineco,bug,,290,50,65,90,35,35,15,false,"forretress"
205,forretress,bug,steel,465,75,90,140,60,60,40,false,""
206,dunsparce,normal,,415,100,70,70,65,65,45,false,"dudunsparce"
982,dudunsparce,normal,,520,125,100,80,85,75,55,false,""
207,gligar,ground,flying,430,65,75,105,35,65,85,false,"gliscor"
472,gliscor,ground,flying,510,75,95,125,45,75,95,false,""
209,snubbull,fairy,,300,60,80,50,40,40,30,false,"granbull"
210,granbull,fairy,,450,90,120,75,60,60,45,false,""
211,qwilfish,water,poison,440,65,95,85,55,55,85,false,"overqwil"
904,overqwil,dark,poison,510,85,115,95,65,65,85,false,""
213,shuckle,bug,rock,505,20,10,230,10,230,5,false,""
214,heracross,bug,fighting,500,80,125,75,40,95,85,false,""
215,sneasel,dark,ice,430,55,95,55,35,75,115,false,"weavile,sneasler"
461,weavile,dark,ice,510,70,120,65,45,85,125,false,""
903,sneasler,fighting,poison,510,80,130,60,40,80,120,false,""
216,teddiursa,normal,,330,60,80,50,50,50,40,false,"ursaring"
217,ursaring,normal,,500,90,130,75,75,75,55,false,"ursaluna"
901,ursaluna,ground,normal,550,130,140,105,45,80,50,false,""
218,slugma,fire,,250,40,40,40,70,40,20,false,"magcargo"
219,magcargo,fire,rock,430,60,50,120,90,80,30,false,""
220,swinub,ice,ground,250,50,50,40,30,30,50,false,"piloswine"
221,piloswine,ice,ground,450,100,100,80,60,60,50,false,"mamoswine"
473,mamoswine,ice,ground,530,110,130,80,70,60,80,false,""
222,corsola,water,rock,410,65,55,95,65,95,35,false,"cursola"
864,cursola,ghost,,510,60,95,50,145,130,30,false,""
223,remoraid,water,,300,35,65,35,65,35,65,false,"octillery"
224,octillery,water,,480,75,105,75,105,75,45,false,""
225,delibird,ice,flying,330,45,55,45,65,45,75,false,""
458,mantyke,water,flying,345,45,20,50,60,120,50,false,"mantine"
226,mantine,water,flying,485,85,40,70,80,140,70,false,""
227,skarmory,steel,flying,465,65,80,140,40,70,70,false,""
228,houndour,dark,fire,330,45,60,30,80,50,65,false,"houndoom"
229,houndoom,dark,fire,500,75,90,50,110,80,95,false,""
231,phanpy,ground,,330,90,60,60,40,40,40,false,"donphan"
232,donphan,ground,,500,90,120,120,60,60,50,false,""
234,stantler,normal,,465,73,95,62,85,65,85,false,"wyrdeer"
899,wyrdeer,normal,psychic,525,103,105,72,105,75,65,false,""
235,smeargle,normal,,250,55,20,35,20,45,75,false,""
241,miltank,normal,,490,95,80,105,40,70,100,false,""
243,raikou,electric,,580,90,85,75,115,100,115,true,""
244,entei,fire,,580,115,115,85,90,75,100,true,""
245,suicune,water,,580,100,75,115,90,115,85,true,""
246,larvitar,rock,ground,300,50,64,50,45,50,41,false,"pupitar"
247,pupitar,rock,ground,410,70,84,70,65,70,51,false,"tyranitar"
248,tyranitar,rock,dark,600,100,134,110,95,100,61,false,""
249,lugia,psychic,flying,680,106,90,130,90,154,110,true,""
250,ho-oh,fire,flying,680,106,130,90,110,154,90,true,""
251,celebi,psychic,grass,600,100,100,100,100,100,100,false,""
252,treecko,grass,,310,40,45,35,65,55,70,false,"grovyle"
253,grovyle,grass,,405,50,65,45,85,65,95,false,"sceptile"
254,sceptile,grass,,530,70,85,65,105,85,120,false,""
255,torchic,fire,,310,45,60,40,70,50,45,false,"combusken"
256,combusken,fire,fighting,405,60,85,60,85,60,55,false,"blaziken"
257,blaziken,fire,fighting,530,80,120,70,110,70,80,false,""
258,mudkip,water,,310,50,70,50,50,50,40,false,"marshtomp"
259,marshtomp,water,ground,405,70,85,70,60,70,50,false,"swampert"
260,swampert,water,ground,535,100,110,90,85,90,60,false,""
261,poochyena,dark,,220,35,55,35,30,30,35,false,"mightyena"
262,mightyena,dark,,420,70,90,70,60,60,70,false,""
263,zigzagoon,normal,,240,38,30,41,30,41,60,false,"linoone"
264,linoone,normal,,420,78,70,61,50,61,100,false,"obstagoon"
862,obstagoon,dark,normal,520,93,90,101,60,81,95,false,""
265,wurmple,bug,,195,45,45,35,20,30,20,false,"silcoon,cascoon"
266,silcoon,bug,,205,50,35,55,25,25,15,false,"beautifly"
267,beautifly,bug,flying,395,60,70,50,100,50,65,false,""
268,cascoon,bug,,205,50,35,55,25,25,15,false,"dustox"
269,dustox,bug,poison,385,60,50,70,50,90,65,false,""
270,lotad,water,grass,220,40,30,30,40,50,30,false,"lombre"
271,lombre,water,grass,340,60,50,50,60,70,50,false,"ludicolo"
272,ludicolo,water,grass,480,80,70,70,90,100,70,false,""
273,seedot,grass,,220,40,40,50,30,30,30,false,"nuzleaf"
274,nuzleaf,grass,dark,340,70,70,40,60,40,60,false,"shiftry"
275,shiftry,grass,dark,480,90,100,60,90,60,80,false,""
276,taillow,normal,flying,270,40,55,30,30,30,85,false,"swellow"
277,swellow,normal,flying,455,60,85,60,75,50,125,false,""
278,wingull,water,flying,270,40,30,30,55,30,85,false,"pelipper"
279,pelipper,water,flying,440,60,50,100,95,70,65,false,""
280,ralts,psychic,fairy,198,28,25,25,45,35,40,false,"kirlia"
281,kirlia,psychic,fairy,278,38,35,35,65,55,50,false,"gardevoir,gallade"
282,gardevoir,psychic,fairy,518,68,65,65,125,115,80,false,""
475,gallade,psychic,fighting,518,68,125,65,65,115,80,false,""
283,surskit,bug,water,269,40,30,32,50,52,65,false,"masquerain"
284,masquerain,bug,flying,454,70,60,62,100,82,80,false,""
285,shroomish,grass,,295,60,40,60,40,60,35,false,"breloom"
286,breloom,grass,fighting,460,60,130,80,60,60,70,false,""
287,slakoth,normal,,280,60,60,60,35,35,30,false,"vigoroth"
288,vigoroth,normal,,440,80,80,80,55,55,90,false,"slaking"
289,slaking,normal,,670,150,160,100,95,65,100,false,""
290,nincada,bug,ground,266,31,45,90,30,30,40,false,"ninjask,shedinja"
291,ninjask,bug,flying,456,61,90,45,50,50,160,false,""
292,shedinja,bug,ghost,236,1,90,45,30,30,40,false,""
293,whismur,normal,,240,64,51,23,51,23,28,false,"loudred"
294,loudred,normal,,360,84,71,43,71,43,48,false,"exploud"
295,exploud,normal,,490,104,91,63,91,73,68,false,""
296,makuhita,fighting,,237,72,60,30,20,30,25,false,"hariyama"
297,hariyama,fighting,,474,144,120,60,40,60,50,false,""
299,nosepass,rock,,375,30,45,135,45,90,30,false,"probopass"
476,probopass,rock,steel,525,60,55,145,75,150,40,false,""
300,skitty,normal,,260,50,45,45,35,35,50,false,"delcatty"
301,delcatty,normal,,400,70,65,65,55,55,90,false,""
302,sableye,dark,ghost,380,50,75,75,65,65,50,false,""
303,mawile,steel,fairy,380,50,85,85,55,55,50,false,""
304,aron,steel,rock,330,50,70,100,40,40,30,false,"lairon"
305,lairon,steel,rock,430,60,90,140,50,50,40,false,"aggron"
306,aggron,steel,rock,530,70,110,180,60,60,50,false,""
307,meditite,fighting,psychic,280,30,40,55,40,55,60,false,"medicham"
308,medicham,fighting,psychic,410,60,60,75,60,75,80,false,""
309,electrike,electric,,295,40,45,40,65,40,65,false,"manectric"
310,manectric,electric,,475,70,75,60,105,60,105,false,""
311,plusle,electric,,405,60,50,40,85,75,95,false,""
312,minun,electric,,405,60,40,50,75,85,95,false,""
313,volbeat,bug,,430,65,73,75,47,85,85,false,""
314,illumise,bug,,430,65,47,75,73,85,85,false,""
406,budew,grass,poison,280,40,30,35,50,70,55,false,"roselia"
315,roselia,grass,poison,400,50,60,45,100,80,65,false,"roserade"
407,roserade,grass,poison,515,60,70,65,125,105,90,false,""
316,gulpin,poison,,302,70,43,53,43,53,40,false,"swalot"
317,swalot,poison,,467,100,73,83,73,83,55,false,""
318,carvanha,water,dark,305,45,90,20,65,20,65,false,"sharpedo"
319,sharpedo,water,dark,460,70,120,40,95,40,95,false,""
320,wailmer,water,,400,130,70,35,70,35,60,false,"wailord"
321,wailord,water,,500,170,90,45,90,45,60,false,""
322,numel,fire,ground,305,60,60,40,65,45,35,false,"camerupt"
323,camerupt,fire,ground,460,70,100,70,105,75,40,false,""
324,torkoal,fire,,470,70,85,140,85,70,20,false,""
325,spoink,psychic,,330,60,25,35,70,80,60,false,"grumpig"
326,grumpig,psychic,,470,80,45,65,90,110,80,false,""
327,spinda,normal,,360,60,60,60,60,60,60,false,""
328,trapinch,ground,,290,45,100,45,45,45,10,false,"vibrava"
329,vibrava,ground,dragon,340,50,70,50,50,50,70,false,"flygon"
330,flygon,ground,dragon,520,80,100,80,80,80,100,false,""
331,cacnea,grass,,335,50,85,40,85,40,35,false,"cacturne"
332,cacturne,grass,dark,475,70,115,60,115,60,55,false,""
333,swablu,normal,flying,310,45,40,60,40,75,50,false,"altaria"
334,altaria,dragon,flying,490,75,70,90,70,105,80,false,""
335,zangoose,normal,,458,73,115,60,60,60,90,false,""
336,seviper,poison,,458,73,100,60,100,60,65,false,""
337,lunatone,rock,psychic,460,90,55,65,95,85,70,false,""
338,solrock,rock,psychic,460,90,95,85,55,65,70,false,""
339,barboach,water,ground,288,50,48,43,46,41,60,false,"whiscash"
340,whiscash,water,ground,468,110,78,73,76,71,60,false,""
341,corphish,water,,308,43,80,65,50,35,35,false,"crawdaunt"
342,crawdaunt,water,dark,468,63,120,85,90,55,55,false,""
343,baltoy,ground,psychic,300,40,40,55,40,70,55,false,"claydol"
344,claydol,ground,psychic,500,60,70,105,70,120,75,false,""
345,lileep,rock,grass,355,66,41,77,61,87,23,false,"cradily"
346,cradily,rock,grass,495,86,81,97,81,107,43,false,""
347,anorith,rock,bug,355,45,95,50,40,50,75,false,"armaldo"
348,armaldo,rock,bug,495,75,125,100,70,80,45,false,""
349,feebas,water,,200,20,15,20,10,55,80,false,"milotic"
350,milotic,water,,540,95,60,79,100,125,81,false,""
351,castform,normal,,420,70,70,70,70,70,70,false,""
352,kecleon,normal,,440,60,90,70,60,120,40,false,""
353,shuppet,ghost,,295,44,75,35,63,33,45,false,"banette"
354,banette,ghost,,455,64,115,65,83,63,65,false,""
355,duskull,ghost,,295,20,40,90,30,90,25,false,"dusclops"
356,dusclops,ghost,,455,40,70,130,60,130,25,false,"dusknoir"
477,dusknoir,ghost,,525,45,100,135,65,135,45,false,""
357,tropius,grass,flying,460,99,68,83,72,87,51,false,""
433,chingling,psychic,,285,45,30,50,65,50,45,false,"chimecho"
358,chimecho,psychic,,455,75,50,80,95,90,65,false,""
359,absol,dark,,465,65,130,60,75,60,75,false,""
361,snorunt,ice,,300,50,50,50,50,50,50,false,"glalie,froslass"
362,glalie,ice,,480,80,80,80,80,80,80,false,""
478,froslass,ice,ghost,480,70,80,70,80,70,110,false,""
363,spheal,ice,water,290,70,40,50,55,50,25,false,"sealeo"
364,sealeo,ice,water,410,90,60,70,75,70,45,false,"walrein"
365,walrein,ice,water,530,110,80,90,95,90,65,false,""
366,clamperl,water,,345,35,64,85,74,55,32,false,"huntail,gorebyss"
367,huntail,water,,485,55,104,105,94,75,52,false,""
368,gorebyss,water,,485,55,84,105,114,75,52,false,""
369,relicanth,water,rock,485,100,90,130,45,65,55,false,""
370,luvdisc,water,,330,43,30,55,40,65,97,false,""
371,bagon,dragon,,300,45,75,60,40,30,50,false,"shelgon"
372,shelgon,dragon,,420,65,95,100,60,50,50,false,"salamence"
373,salamence,dragon,flying,600,95,135,80,110,80,100,false,""
374,beldum,steel,psychic,300,40,55,80,35,60,30,false,"metang"
375,metang,steel,psychic,420,60,75,100,55,80,50,false,"metagross"
376,metagross,steel,psychic,600,80,135,130,95,90,70,false,""
377,regirock,rock,,580,80,100,200,50,100,50,true,""
378,regice,ice,,580,80,50,100,100,200,50,true,""
379,registeel,steel,,580,80,75,150,75,150,50,true,""
380,latias,dragon,psychic,600,80,80,90,110,130,110,true,""
381,latios,dragon,psychic,600,80,90,80,130,110,110,true,""
382,kyogre,water,,670,100,100,90,150,140,90,true,""
383,groudon,ground,,670,100,150,140,100,90,90,true,""
384,rayquaza,dragon,flying,680,105,150,90,150,90,95,true,""
385,jirachi,steel,psychic,600,100,100,100,100,100,100,false,""
386,deoxys,psychic,,600,50,150,50,150,50,150,false,""
387,turtwig,grass,,318,55,68,64,45,55,31,false,"grotle"
388,grotle,grass,,405,75,89,85,55,65,36,false,"torterra"
389,torterra,grass,ground,525,95,109,105,75,85,56,false,""
390,chimchar,fire,,309,44,58,44,58,44,61,false,"monferno"
391,monferno,fire,fighting,405,64,78,52,78,52,81,false,"infernape"
392,infernape,fire,fighting,534,76,104,71,104,71,108,false,""
393,piplup,water,,314,53,51,53,61,56,40,false,"prinplup"
394,prinplup,water,,405,64,66,68,81,76,50,false,"empoleon"
395,empoleon,water,steel,530,84,86,88,111,101,60,false,""
396,starly,normal,flying,245,40,55,30,30,30,60,false,"staravia"
397,staravia,normal,flying,340,55,75,50,40,40,80,false,"staraptor"
398,staraptor,normal,flying,485,85,120,70,50,60,100,false,""
399,bidoof,normal,,250,59,45,40,35,40,31,false,"bibarel"
400,bibarel,normal,water,410,79,85,60,55,60,71,false,""
401,kricketot,bug,,194,37,25,41,25,41,25,false,"kricketune"
402,kricketune,bug,,384,77,85,51,55,51,65,false,""
403,shinx,electric,,263,45,65,34,40,34,45,false,"luxio"
404,luxio,electric,,363,60,85,49,60,49,60,false,"luxray"
405,luxray,electric,,523,80,120,79,95,79,70,false,""
408,cranidos,rock,,350,67,125,40,30,30,58,false,"rampardos"
409,rampardos,rock,,495,97,165,60,65,50,58,false,""
410,shieldon,rock,steel,350,30,42,118,42,88,30,false,"bastiodon"
411,bastiodon,rock,steel,495,60,52,168,47,138,30,false,""
412,burmy,bug,,224,40,29,45,29,45,36,false,"wormadam,mothim"
413,wormadam,bug,grass,424,60,59,85,79,105,36,false,""
414,mothim,bug,flying,424,70,94,50,94,50,66,false,""
415,combee,bug,flying,244,30,30,42,30,42,70,false,"vespiquen"
416,vespiquen,bug,flying,474,70,80,102,80,102,40,false,""
417,pachirisu,electric,,405,60,45,70,45,90,95,false,""
418,buizel,water,,330,55,65,35,60,30,85,false,"floatzel"
419,floatzel,water,,495,85,105,55,85,50,115,false,""
420,cherubi,grass,,275,45,35,45,62,53,35,false,"cherrim"
421,cherrim,grass,,450,70,60,70,87,78,85,false,""
422,shellos,water,,325,76,48,48,57,62,34,false,"gastrodon"
423,gastrodon,water,ground,475,111,83,68,92,82,39,false,""
425,drifloon,ghost,flying,348,90,50,34,60,44,70,false,"drifblim"
426,drifblim,ghost,flying,498,150,80,44,90,54,80,false,""
427,buneary,normal,,350,55,66,44,44,56,85,false,"lopunny"
428,lopunny,normal,,480,65,76,84,54,96,105,false,""
431,glameow,normal,,310,49,55,42,42,37,85,false,"purugly"
432,purugly,normal,,452,71,82,64,64,59,112,false,""
434,stunky,poison,dark,329,63,63,47,41,41,74,false,"skuntank"
435,skuntank,poison,dark,479,103,93,67,71,61,84,false,""
436,bronzor,steel,psychic,300,57,24,86,24,86,23,false,"bronzong"
437,bronzong,steel,psychic,500,67,89,116,79,116,33,false,""
441,chatot,normal,flying,411,76,65,45,92,42,91,false,""
442,spiritomb,ghost,dark,485,50,92,108,92,108,35,false,""
443,gible,dragon,ground,300,58,70,45,40,45,42,false,"gabite"
444,gabite,dragon,ground,410,68,90,65,50,55,82,false,"garchomp"
445,garchomp,dragon,ground,600,108,130,95,80,85,102,false,""
447,riolu,fighting,,285,40,70,40,35,40,60,false,"lucario"
448,lucario,fighting,steel,525,70,110,70,115,70,90,false,""
449,hippopotas,ground,,330,68,72,78,38,42,32,false,"hippowdon"
450,hippowdon,ground,,525,108,112,118,68,72,47,false,""
451,skorupi,poison,bug,330,40,50,90,30,55,65,false,"drapion"
452,drapion,poison,dark,500,70,90,110,60,75,95,false,""
453,croagunk,poison,fighting,300,48,61,40,61,40,50,false,"toxicroak"
454,toxicroak,poison,fighting,490,83,106,65,86,65,85,false,""
455,carnivine,grass,,454,74,100,72,90,72,46,false,""
456,finneon,water,,330,49,49,56,49,61,66,false,"lumineon"
457,lumineon,water,,460,69,69,76,69,86,91,false,""
459,snover,grass,ice,334,60,62,50,62,60,40,false,"abomasnow"
460,abomasnow,grass,ice,494,90,92,75,92,85,60,false,""
479,rotom,electric,ghost,440,50,50,77,95,77,91,false,""
480,uxie,psychic,,580,75,75,130,75,130,95,true,""
481,mesprit,psychic,,580,80,105,105,105,105,80,true,""
482,azelf,psychic,,580,75,125,70,125,70,115,true,""
483,dialga,steel,dragon,680,100,120,120,150,100,90,true,""
484,palkia,water,dragon,680,90,120,100,150,120,100,true,""
485,heatran,fire,steel,600,91,90,106,130,106,77,true,""
486,regigigas,normal,,670,110,160,110,80,110,100,true,""
487,giratina,ghost,dragon,680,150,100,120,100,120,90,true,""
488,cresselia,psychic,,580,120,70,110,75,120,85,true,""
489,phione,water,,480,80,80,80,80,80,80,false,"manaphy"
490,manaphy,water,,600,100,100,100,100,100,100,false,""
491,darkrai,dark,,600,70,90,90,135,90,125,false,""
492,shaymin,grass,,600,100,100,100,100,100,100,false,""
493,arceus,normal,,720,120,120,120,120,120,120,false,""
494,victini,psychic,fire,600,100,100,100,100,100,100,false,""
495,snivy,grass,,308,45,45,55,45,55,63,false,"servine"
496,servine,grass,,413,60,60,75,60,75,83,false,"serperior"
497,serperior,grass,,528,75,75,95,75,95,113,false,""
498,tepig,fire,,308,65,63,45,45,45,45,false,"pignite"
499,pignite,fire,fighting,418,90,93,55,70,55,55,false,"emboar"
500,emboar,fire,fighting,528,110,123,65,100,65,65,false,""
501,oshawott,water,,308,55,55,45,63,45,45,false,"dewott"
502,dewott,water,,413,75,75,60,83,60,60,false,"samurott"
503,samurott,water,,528,95,100,85,108,70,70,false,""
504,patrat,normal,,255,45,55,39,35,39,42,false,"watchog"
505,watchog,normal,,420,60,85,69,60,69,77,false,""
506,lillipup,normal,,275,45,60,45,25,45,55,false,"herdier"
507,herdier,normal,,370,65,80,65,35,65,60,false,"stoutland"
508,stoutland,normal,,500,85,110,90,45,90,80,false,""
509,purrloin,dark,,281,41,50,37,50,37,66,false,"liepard"
510,liepard,dark,,446,64,88,50,88,50,106,false,""
511,pansage,grass,,316,50,53,48,53,48,64,false,"simisage"
512,simisage,grass,,498,75,98,63,98,63,101,false,""
513,pansear,fire,,316,50,53,48,53,48,64,false,"simisear"
514,simisear,fire,,498,75,98,63,98,63,101,false,""
515,panpour,water,,316,50,53,48,53,48,64,false,"simipour"
516,simipour,water,,498,75,98,63,98,63,101,false,""
517,munna,psychic,,292,76,25,45,67,55,24,false,"musharna"
518,musharna,psychic,,487,116,55,85,107,95,29,false,""
519,pidove,normal,flying,264,50,55,50,36,30,43,false,"tranquill"
520,tranquill,normal,flying,358,62,77,62,50,42,65,false,"unfezant"
521,unfezant,normal,flying,488,80,115,80,65,55,93,false,""
522,blitzle,electric,,295,45,60,32,50,32,76,false,"zebstrika"
523,zebstrika,electric,,497,75,100,63,80,63,116,false,""
524,roggenrola,rock,,280,55,75,85,25,25,15,false,"boldore"
525,boldore,rock,,390,70,105,105,50,40,20,false,"gigalith"
526,gigalith,rock,,515,85,135,130,60,80,25,false,""
527,woobat,psychic,flying,323,65,45,43,55,43,72,false,"swoobat"
528,swoobat,psychic,flying,425,67,57,55,77,55,114,false,""
529,drilbur,ground,,328,60,85,40,30,45,68,false,"excadrill"
530,excadrill,ground,steel,508,110,135,60,50,65,88,false,""
531,audino,normal,,445,103,60,86,60,86,50,false,""
532,timburr,fighting,,305,75,80,55,25,35,35,false,"gurdurr"
533,gurdurr,fighting,,405,85,105,85,40,50,40,false,"conkeldurr"
534,conkeldurr,fighting,,505,105,140,95,55,65,45,false,""
535,tympole,water,,294,50,50,40,50,40,64,false,"palpitoad"
536,palpitoad,water,ground,384,75,65,55,65,55,69,false,"seismitoad"
537,seismitoad,water,ground,509,105,95,75,85,75,74,false,""
538,throh,fighting,,465,120,100,85,30,85,45,false,""
539,sawk,fighting,,465,75,125,75,30,75,85,false,""
540,sewaddle,bug,grass,310,45,53,70,40,60,42,false,"swadloon"
541,swadloon,bug,grass,380,55,63,90,50,80,42,false,"leavanny"
542,leavanny,bug,grass,500,75,103,80,70,80,92,false,""
543,venipede,bug,poison,260,30,45,59,30,39,57,false,"whirlipede"
544,whirlipede,bug,poison,360,40,55,99,40,79,47,false,"scolipede"
545,scolipede,bug,poison,485,60,100,89,55,69,112,false,""
546,cottonee,grass,fairy,280,40,27,60,37,50,66,false,"whimsicott"
547,whimsicott,grass,fairy,480,60,67,85,77,75,116,false,""
548,petilil,grass,,280,45,35,50,70,50,30,false,"lilligant"
549,lilligant,grass,,480,70,60,75,110,75,90,false,""
550,basculin,water,,460,70,92,65,80,55,98,false,"basculegion"
902,basculegion,water,ghost,530,120,112,65,80,75,78,false,""
551,sandile,ground,dark,292,50,72,35,35,35,65,false,"krokorok"
552,krokorok,ground,dark,351,60,82,45,45,45,74,false,"krookodile"
553,krookodile,ground,dark,519,95,117,80,65,70,92,false,""
554,darumaka,fire,,315,70,90,45,15,45,50,false,"darmanitan"
555,darmanitan,fire,,480,105,140,55,30,55,95,false,""
556,maractus,grass,,461,75,86,67,106,67,60,false,""
557,dwebble,bug,rock,325,50,65,85,35,35,55,false,"crustle"
558,crustle,bug,rock,485,70,105,125,65,75,45,false,""
559,scraggy,dark,fighting,348,50,75,70,35,70,48,false,"scrafty"
560,scrafty,dark,fighting,488,65,90,115,45,115,58,false,""
561,sigilyph,psychic,flying,490,72,58,80,103,80,97,false,""
562,yamask,ghost,,303,38,30,85,55,65,30,false,"cofagrigus,runerigus"
563,cofagrigus,ghost,,483,58,50,145,95,105,30,false,""
867,runerigus,ground,ghost,483,58,95,145,50,105,30,false,""
564,tirtouga,water,rock,355,54,78,103,53,45,22,false,"carracosta"
565,carracosta,water,rock,495,74,108,133,83,65,32,false,""
566,archen,rock,flying,401,55,112,45,74,45,70,false,"archeops"
567,archeops,rock,flying,567,75,140,65,112,65,110,false,""
568,trubbish,poison,,329,50,50,62,40,62,65,false,"garbodor"
569,garbodor,poison,,474,80,95,82,60,82,75,false,""
570,zorua,dark,,330,40,65,40,80,40,65,false,"zoroark"
571,zoroark,dark,,510,60,105,60,120,60,105,false,""
572,minccino,normal,,300,55,50,40,40,40,75,false,"cinccino"
573,cinccino,normal,,470,75,95,60,65,60,115,false,""
574,gothita,psychic,,290,45,30,50,55,65,45,false,"gothorita"
575,gothorita,psychic,,390,60,45,70,75,85,55,false,"gothitelle"
576,gothitelle,psychic,,490,70,55,95,95,110,65,false,""
577,solosis,psychic,,290,45,30,40,105,50,20,false,"duosion"
578,duosion,psychic,,370,65,40,50,125,60,30,false,"reuniclus"
579,reuniclus,psychic,,490,110,65,75,125,85,30,false,""
580,ducklett,water,flying,305,62,44,50,44,50,55,false,"swanna"
581,swanna,water,flying,473,75,87,63,87,63,98,false,""
582,vanillite,ice,,305,36,50,50,65,60,44,false,"vanillish"
583,vanillish,ice,,395,51,65,65,80,75,59,false,"vanilluxe"
584,vanilluxe,ice,,535,71,95,85,110,95,79,false,""
585,deerling,normal,grass,335,60,60,50,40,50,75,false,"sawsbuck"
586,sawsbuck,normal,grass,475,80,100,70,60,70,95,false,""
587,emolga,electric,flying,428,55,75,60,75,60,103,false,""
588,karrablast,bug,,315,50,75,45,40,45,60,false,"escavalier"
589,escavalier,bug,steel,495,70,135,105,60,105,20,false,""
590,foongus,grass,poison,294,69,55,45,55,55,15,false,"amoonguss"
591,amoonguss,grass,poison,464,114,85,70,85,80,30,false,""
592,frillish,water,ghost,335,55,40,50,65,85,40,false,"jellicent"
593,jellicent,water,ghost,480,100,60,70,85,105,60,false,""
594,alomomola,water,,470,165,75,80,40,45,65,false,""
595,joltik,bug,electric,319,50,47,50,57,50,65,false,"galvantula"
596,galvantula,bug,electric,472,70,77,60,97,60,108,false,""
597,ferroseed,grass,steel,305,44,50,91,24,86,10,false,"ferrothorn"
598,ferrothorn,grass,steel,489,74,94,131,54,116,20,false,""
599,klink,steel,,300,40,55,70,45,60,30,false,"klang"
600,klang,steel,,440,60,80,95,70,85,50,false,"klinklang"
601,klinklang,steel,,520,60,100,115,70,85,90,false,""
602,tynamo,electric,,275,35,55,40,45,40,60,false,"eelektrik"
603,eelektrik,electric,,405,65,85,70,75,70,40,false,"eelektross"
604,eelektross,electric,,515,85,115,80,105,80,50,false,""
605,elgyem,psychic,,335,55,55,55,85,55,30,false,"beheeyem"
606,beheeyem,psychic,,485,75,75,75,125,95,40,false,""
607,litwick,ghost,fire,275,50,30,55,65,55,20,false,"lampent"
608,lampent,ghost,fire,370,60,40,60,95,60,55,false,"chandelure"
609,chandelure,ghost,fire,520,60,55,90,145,90,80,false,""
610,axew,dragon,,320,46,87,60,30,40,57,false,"fraxure"
611,fraxure,dragon,,410,66,117,70,40,50,67,false,"haxorus"
612,haxorus,dragon,,540,76,147,90,60,70,97,false,""
613,cubchoo,ice,,305,55,70,40,60,40,40,false,"beartic"
614,beartic,ice,,505,95,130,80,70,80,50,false,""
615,cryogonal,ice,,515,80,50,50,95,135,105,false,""
616,shelmet,bug,,305,50,40,85,40,65,25,false,"accelgor"
617,accelgor,bug,,495,80,70,40,100,60,145,false,""
618,stunfisk,ground,electric,471,109,66,84,81,99,32,false,""
619,mienfoo,fighting,,350,45,85,50,55,50,65,false,"mienshao"
620,mienshao,fighting,,510,65,125,60,95,60,105,false,""
621,druddigon,dragon,,485,77,120,90,60,90,48,false,""
622,golett,ground,ghost,303,59,74,50,35,50,35,false,"golurk"
623,golurk,ground,ghost,483,89,124,80,55,80,55,false,""
624,pawniard,dark,steel,340,45,85,70,40,40,60,false,"bisharp"
625,bisharp,dark,steel,490,65,125,100,60,70,70,false,"kingambit"
983,kingambit,dark,steel,550,100,135,120,60,85,50,false,""
626,bouffalant,normal,,490,95,110,95,40,95,55,false,""
627,rufflet,normal,flying,350,70,83,50,37,50,60,false,"braviary"
628,braviary,normal,flying,510,100,123,75,57,75,80,false,""
629,vullaby,dark,flying,370,70,55,75,45,65,60,false,"mandibuzz"
630,mandibuzz,dark,flying,510,110,65,105,55,95,80,false,""
631,heatmor,fire,,484,85,97,66,105,66,65,false,""
632,durant,bug,steel,484,58,109,112,48,48,109,false,""
633,deino,dark,dragon,300,52,65,50,45,50,38,false,"zweilous"
634,zweilous,dark,dragon,420,72,85,70,65,70,58,false,"hydreigon"
635,hydreigon,dark,dragon,600,92,105,90,125,90,98,false,""
636,larvesta,bug,fire,360,55,85,55,50,55,60,false,"volcarona"
637,volcarona,bug,fire,550,85,60,65,135,105,100,false,""
638,cobalion,steel,fighting,580,91,90,129,90,72,108,true,""
639,terrakion,rock,fighting,580,91,129,90,72,90,108,true,""
640,virizion,grass,fighting,580,91,90,72,90,129,108,true,""
641,tornadus,flying,,580,79,115,70,125,80,111,true,""
642,thundurus,electric,flying,580,79,115,70,125,80,111,true,""
643,reshiram,dragon,fire,680,100,120,100,150,120,90,true,""
644,zekrom,dragon,electric,680,100,150,120,120,100,90,true,""
645,landorus,ground,flying,600,89,125,90,115,80,101,true,""
646,kyurem,dragon,ice,660,125,130,90,130,90,95,true,""
647,keldeo,water,fighting,580,91,72,90,129,90,108,false,""
648,meloetta,normal,psychic,600,100,77,77,128,128,90,false,""
649,genesect,bug,steel,600,71,120,95,120,95,99,false,""
650,chespin,grass,,313,56,61,65,48,45,38,false,"quilladin"
651,quilladin,grass,,405,61,78,95,56,58,57,false,"chesnaught"
652,chesnaught,grass,fighting,530,88,107,122,74,75,64,false,""
653,fennekin,fire,,307,40,45,40,62,60,60,false,"braixen"
654,braixen,fire,,409,59,59,58,90,70,73,false,"delphox"
655,delphox,fire,psychic,534,75,69,72,114,100,104,false,""
656,froakie,water,,314,41,56,40,62,44,71,false,"frogadier"
657,frogadier,water,,405,54,63,52,83,56,97,false,"greninja"
658,greninja,water,dark,530,72,95,67,103,71,122,false,""
659,bunnelby,normal,,237,38,36,38,32,36,57,false,"diggersby"
660,diggersby,normal,ground,423,85,56,77,50,77,78,false,""
661,fletchling,normal,flying,278,45,50,43,40,38,62,false,"fletchinder"
662,fletchinder,fire,flying,382,62,73,55,56,52,84,false,"talonflame"
663,talonflame,fire,flying,499,78,81,71,74,69,126,false,""
664,scatterbug,bug,,200,38,35,40,27,25,35,false,"spewpa"
665,spewpa,bug,,213,45,22,60,27,30,29,false,"vivillon"
666,vivillon,bug,flying,411,80,52,50,90,50,89,false,""
667,litleo,fire,normal,369,62,50,58,73,54,72,false,"pyroar"
668,pyroar,fire,normal,507,86,68,72,109,66,106,false,""
669,flabebe,fairy,,303,44,38,39,61,79,42,false,"floette"
670,floette,fairy,,371,54,45,47,75,98,52,false,"florges"
671,florges,fairy,,552,78,65,68,112,154,75,false,""
672,skiddo,grass,,350,66,65,48,62,57,52,false,"gogoat"
673,gogoat,grass,,531,123,100,62,97,81,68,false,""
674,pancham,fighting,,348,67,82,62,46,48,43,false,"pangoro"
675,pangoro,fighting,dark,495,95,124,78,69,71,58,false,""
676,furfrou,normal,,472,75,80,60,65,90,102,false,""
677,espurr,psychic,,355,62,48,54,63,60,68,false,"meowstic"
678,meowstic,psychic,,466,74,48,76,83,81,104,false,""
679,honedge,steel,ghost,325,45,80,100,35,37,28,false,"doublade"
680,doublade,steel,ghost,448,59,110,150,45,49,35,false,"aegislash"
681,aegislash,steel,ghost,500,60,50,140,50,140,60,false,""
682,spritzee,fairy,,341,78,52,60,63,65,23,false,"aromatisse"
683,aromatisse,fairy,,462,101,72,72,99,89,29,false,""
684,swirlix,fairy,,341,62,48,66,59,57,49,false,"slurpuff"
685,slurpuff,fairy,,480,82,80,86,85,75,72,false,""
686,inkay,dark,psychic,288,53,54,53,37,46,45,false,"malamar"
687,malamar,dark,psychic,482,86,92,88,68,75,73,false,""
688,binacle,rock,water,306,42,52,67,39,56,50,false,"barbaracle"
689,barbaracle,rock,water,500,72,105,115,54,86,68,false,""
690,skrelp,poison,water,320,50,60,60,60,60,30,false,"dragalge"
691,dragalge,poison,dragon,494,65,75,90,97,123,44,false,""
692,clauncher,water,,330,50,53,62,58,63,44,false,"clawitzer"
693,clawitzer,water,,500,71,73,88,120,89,59,false,""
694,helioptile,electric,normal,289,44,38,33,61,43,70,false,"heliolisk"
695,heliolisk,electric,normal,481,62,55,52,109,94,109,false,""
696,tyrunt,rock,dragon,362,58,89,77,45,45,48,false,"tyrantrum"
697,tyrantrum,rock,dragon,521,82,121,119,69,59,71,false,""
698,amaura,rock,ice,362,77,59,50,67,63,46,false,"aurorus"
699,aurorus,rock,ice,521,123,77,72,99,92,58,false,""
701,hawlucha,fighting,flying,500,78,92,75,74,63,118,false,""
702,dedenne,electric,fairy,431,67,58,57,81,67,101,false,""
703,carbink,rock,fairy,500,50,50,150,50,150,50,false,""
704,goomy,dragon,,300,45,50,35,55,75,40,false,"sliggoo"
705,sliggoo,dragon,,452,68,75,53,83,113,60,false,"goodra"
706,goodra,dragon,,600,90,100,70,110,150,80,false,""
707,klefki,steel,fairy,470,57,80,91,80,87,75,false,""
708,phantump,ghost,grass,309,43,70,48,50,60,38,false,"trevenant"
709,trevenant,ghost,grass,474,85,110,76,65,82,56,false,""
710,pumpkaboo,ghost,grass,335,49,66,70,44,55,51,false,"gourgeist"
711,gourgeist,ghost,grass,494,65,90,122,58,75,84,false,""
712,bergmite,ice,,304,55,69,85,32,35,28,false,"avalugg"
713,avalugg,ice,,514,95,117,184,44,46,28,false,""
714,noibat,flying,dragon,245,40,30,35,45,40,55,false,"noivern"
715,noivern,flying,dragon,535,85,70,80,97,80,123,false,""
716,xerneas,fairy,,680,126,131,95,131,98,99,true,""
717,yveltal,dark,flying,680,126,131,95,131,98,99,true,""
718,zygarde,dragon,ground,600,108,100,121,81,95,95,true,""
719,diancie,rock,fairy,600,50,100,150,100,150,50,false,""
720,hoopa,psychic,ghost,600,80,110,60,150,130,70,false,""
721,volcanion,fire,water,600,80,110,120,130,90,70,false,""
722,rowlet,grass,flying,320,68,55,55,50,50,42,false,"dartrix"
723,dartrix,grass,flying,420,78,75,75,70,70,52,false,"decidueye"
724,decidueye,grass,ghost,530,78,107,75,100,100,70,false,""
725,litten,fire,,320,45,65,40,60,40,70,false,"torracat"
726,torracat,fire,,420,65,85,50,80,50,90,false,"incineroar"
727,incineroar,fire,dark,530,95,115,90,80,90,60,false,""
728,popplio,water,,320,50,54,54,66,56,40,false,"brionne"
729,brionne,water,,420,60,69,69,91,81,50,false,"primarina"
730,primarina,water,fairy,530,80,74,74,126,116,60,false,""
731,pikipek,normal,flying,265,35,75,30,30,30,65,false,"trumbeak"
732,trumbeak,normal,flying,355,55,85,50,40,50,75,false,"toucannon"
733,toucannon,normal,flying,485,80,120,75,75,75,60,false,""
734,yungoos,normal,,253,48,70,30,30,30,45,false,"gumshoos"
735,gumshoos,normal,,418,88,110,60,55,60,45,false,""
736,grubbin,bug,,300,47,62,45,55,45,46,false,"charjabug"
737,charjabug,bug,electric,400,57,82,95,55,75,36,false,"vikavolt"
738,vikavolt,bug,electric,500,77,70,90,145,75,43,false,""
739,crabrawler,fighting,,338,47,82,57,42,47,63,false,"crabominable"
740,crabominable,fighting,ice,478,97,132,77,62,67,43,false,""
741,oricorio,fire,flying,476,75,70,70,98,70,93,false,""
742,cutiefly,bug,fairy,304,40,45,40,55,40,84,false,"ribombee"
743,ribombee,bug,fairy,464,60,55,60,95,70,124,false,""
744,rockruff,rock,,280,45,65,40,30,40,60,false,"lycanroc"
745,lycanroc,rock,,487,75,115,65,55,65,112,false,""
746,wishiwashi,water,,175,45,20,20,25,25,40,false,""
747,mareanie,poison,water,305,50,53,62,43,52,45,false,"toxapex"
748,toxapex,poison,water,495,50,63,152,53,142,35,false,""
749,mudbray,ground,,385,70,100,70,45,55,45,false,"mudsdale"
750,mudsdale,ground,,500,100,125,100,55,85,35,false,""
751,dewpider,water,bug,269,38,40,52,40,72,27,false,"araquanid"
752,araquanid,water,bug,454,68,70,92,50,132,42,false,""
753,fomantis,grass,,250,40,55,35,50,35,35,false,"lurantis"
754,lurantis,grass,,480,70,105,90,80,90,45,false,""
755,morelull,grass,fairy,285,40,35,55,65,75,15,false,"shiinotic"
756,shiinotic,grass,fairy,405,60,45,80,90,100,30,false,""
757,salandit,poison,fire,320,48,44,40,71,40,77,false,"salazzle"
758,salazzle,poison,fire,480,68,64,60,111,60,117,false,""
759,stufful,normal,fighting,340,70,75,50,45,50,50,false,"bewear"
760,bewear,normal,fighting,500,120,125,80,55,60,60,false,""
761,bounsweet,grass,,210,42,30,38,30,38,32,false,"steenee"
762,steenee,grass,,290,52,40,48,40,48,62,false,"tsareena"
763,tsareena,grass,,510,72,120,98,50,98,72,false,""
764,comfey,fairy,,485,51,52,90,82,110,100,false,""
765,oranguru,normal,psychic,490,90,60,80,90,110,60,false,""
766,passimian,fighting,,490,100,120,90,40,60,80,false,""
767,wimpod,bug,water,230,25,35,40,20,30,80,false,"golisopod"
768,golisopod,bug,water,530,75,125,140,60,90,40,false,""
769,sandygast,ghost,ground,320,55,55,80,70,45,15,false,"palossand"
770,palossand,ghost,ground,480,85,75,110,100,75,35,false,""
771,pyukumuku,water,,410,55,60,130,30,130,5,false,""
772,type-null,normal,,534,95,95,95,95,95,59,false,"silvally"
773,silvally,normal,,570,95,95,95,95,95,95,true,""
774,minior,rock,flying,440,60,60,100,60,100,60,false,""
775,komala,normal,,480,65,115,65,75,95,65,false,""
776,turtonator,fire,dragon,485,60,78,135,91,85,36,false,""
777,togedemaru,electric,steel,435,65,98,63,40,73,96,false,""
778,mimikyu,ghost,fairy,476,55,90,80,50,105,96,false,""
779,bruxish,water,psychic,475,68,105,70,70,70,92,false,""
780,drampa,normal,dragon,485,78,60,85,135,91,36,false,""
781,dhelmise,ghost,grass,517,70,131,100,86,90,40,false,""
782,jangmo-o,dragon,,300,45,55,65,45,45,45,false,"hakamo-o"
783,hakamo-o,dragon,fighting,420,55,75,90,65,70,65,false,"kommo-o"
784,kommo-o,dragon,fighting,600,75,110,125,100,105,85,false,""
785,tapu-koko,electric,fairy,570,70,115,85,95,75,130,true,""
786,tapu-lele,psychic,fairy,570,70,85,75,130,115,95,true,""
787,tapu-bulu,grass,fairy,570,70,130,115,85,95,75,true,""
788,tapu-fini,water,fairy,570,70,75,115,95,130,85,true,""
789,cosmog,psychic,,200,43,29,31,29,31,37,true,"cosmoem"
790,cosmoem,psychic,,400,43,29,131,29,131,37,true,"solgaleo,lunala"
791,solgaleo,psychic,steel,680,137,137,107,113,89,97,true,""
792,lunala,psychic,ghost,680,137,113,89,137,107,97,true,""
793,nihilego,rock,poison,570,109,53,47,127,131,103,false,""
794,buzzwole,bug,fighting,570,107,139,139,53,53,79,false,""
795,pheromosa,bug,fighting,570,71,137,37,137,37,151,false,""
796,xurkitree,electric,,570,83,89,71,173,71,83,false,""
797,celesteela,steel,flying,570,97,101,103,107,101,61,false,""
798,kartana,grass,steel,570,59,181,131,59,31,109,false,""
799,guzzlord,dark,dragon,570,223,101,53,97,53,43,false,""
800,necrozma,psychic,,600,97,107,101,127,89,79,true,""
801,magearna,steel,fairy,600,80,95,115,130,115,65,false,""
802,marshadow,fighting,ghost,600,90,125,80,90,90,125,false,""
803,poipole,poison,,420,67,73,67,73,67,73,false,"naganadel"
804,naganadel,poison,dragon,540,73,73,73,127,73,121,false,""
805,stakataka,rock,steel,570,61,131,211,53,101,13,false,""
806,blacephalon,fire,ghost,570,53,127,53,151,79,107,false,""
807,zeraora,electric,,600,88,112,75,102,80,143,false,""
808,meltan,steel,,300,46,65,65,55,35,34,false,""
809,melmetal,steel,,600,135,143,143,80,65,34,false,""
810,grookey,grass,,310,50,65,50,40,40,65,false,"thwackey"
811,thwackey,grass,,420,70,85,70,55,60,80,false,"rillaboom"
812,rillaboom,grass,,530,100,125,90,60,70,85,false,""
813,scorbunny,fire,,310,50,71,40,40,40,69,false,"raboot"
814,raboot,fire,,420,65,86,60,55,60,94,false,"cinderace"
815,cinderace,fire,,530,80,116,75,65,75,119,false,""
816,sobble,water,,310,50,40,40,70,40,70,false,"drizzile"
817,drizzile,water,,420,65,60,55,95,55,90,false,"inteleon"
818,inteleon,water,,530,70,85,65,125,65,120,false,""
819,skwovet,normal,,275,70,55,55,35,35,25,false,"greedent"
820,greedent,normal,,460,120,95,95,55,75,20,false,""
821,rookidee,flying,,245,38,47,35,33,35,57,false,"corvisquire"
822,corvisquire,flying,,365,68,67,55,43,55,77,false,"corviknight"
823,corviknight,flying,steel,495,98,87,105,53,85,67,false,""
824,blipbug,bug,,180,25,20,20,25,45,45,false,"dottler"
825,dottler,bug,psychic,335,50,35,80,50,90,30,false,"orbeetle"
826,orbeetle,bug,psychic,505,60,45,110,80,120,90,false,""
827,nickit,dark,,245,40,28,28,47,52,50,false,"thievul"
828,thievul,dark,,455,70,58,58,87,92,90,false,""
829,gossifleur,grass,,250,40,40,60,40,60,10,false,"eldegoss"
830,eldegoss,grass,,460,60,50,90,80,120,60,false,""
831,wooloo,normal,,270,42,40,55,40,45,48,false,"dubwool"
832,dubwool,normal,,490,72,80,100,60,90,88,false,""
833,chewtle,water,,284,50,64,50,38,38,44,false,"drednaw"
834,drednaw,water,rock,485,90,115,90,48,68,74,false,""
835,yamper,electric,,270,59,45,50,40,50,26,false,"boltund"
836,boltund,electric,,490,69,90,60,90,60,121,false,""
837,rolycoly,rock,,240,30,40,50,40,50,30,false,"carkol"
838,carkol,rock,fire,410,80,60,90,60,70,50,false,"coalossal"
839,coalossal,rock,fire,510,110,80,120,80,90,30,false,""
840,applin,grass,dragon,260,40,40,80,40,40,20,false,"flapple,appletun,dipplin"
841,flapple,grass,dragon,485,70,110,80,95,60,70,false,""
842,appletun,grass,dragon,485,110,85,80,100,80,30,false,""
1011,dipplin,grass,dragon,485,80,80,110,95,80,40,false,"hydrapple"
1019,hydrapple,grass,dragon,540,106,80,110,120,80,44,false,""
843,silicobra,ground,,315,52,57,75,35,50,46,false,"sandaconda"
844,sandaconda,ground,,510,72,107,125,65,70,71,false,""
845,cramorant,flying,water,475,70,85,55,85,95,85,false,""
846,arrokuda,water,,280,41,63,40,40,30,66,false,"barraskewda"
847,barraskewda,water,,490,61,123,60,60,50,136,false,""
848,toxel,electric,poison,242,40,38,35,54,35,40,false,"toxtricity"
849,toxtricity,electric,poison,502,75,98,70,114,70,75,false,""
850,sizzlipede,fire,bug,305,50,65,45,50,50,45,false,"centiskorch"
851,centiskorch,fire,bug,525,100,115,65,90,90,65,false,""
852,clobbopus,fighting,,310,50,68,60,50,50,32,false,"grapploct"
853,grapploct,fighting,,480,80,118,90,70,80,42,false,""
854,sinistea,ghost,,308,40,45,45,74,54,50,false,"polteageist"
855,polteageist,ghost,,508,60,65,65,134,114,70,false,""
856,hatenna,psychic,,265,42,30,45,56,53,39,false,"hattrem"
857,hattrem,psychic,,370,57,40,65,86,73,49,false,"hatterene"
858,hatterene,psychic,fairy,510,57,90,95,136,103,29,false,""
859,impidimp,dark,fairy,265,45,45,30,55,40,50,false,"morgrem"
860,morgrem,dark,fairy,370,65,60,45,75,55,70,false,"grimmsnarl"
861,grimmsnarl,dark,fairy,510,95,120,65,95,75,60,false,""
868,milcery,fairy,,270,45,40,40,50,61,34,false,"alcremie"
869,alcremie,fairy,,495,65,60,75,110,121,64,false,""
870,falinks,fighting,,470,65,100,100,70,60,75,false,""
871,pincurchin,electric,,435,48,101,95,91,85,15,false,""
872,snom,ice,bug,185,30,25,35,45,30,20,false,"frosmoth"
873,frosmoth,ice,bug,475,70,65,60,125,90,65,false,""
874,stonjourner,rock,,470,100,125,135,20,20,70,false,""
875,eiscue,ice,,470,75,80,110,65,90,50,false,""
876,indeedee,psychic,normal,475,60,65,55,105,95,95,false,""
877,morpeko,electric,dark,436,58,95,58,70,58,97,false,""
878,cufant,steel,,330,72,80,49,40,49,40,false,"copperajah"
879,copperajah,steel,,500,122,130,69,80,69,30,false,""
880,dracozolt,electric,dragon,505,90,100,90,80,70,75,false,""
881,arctozolt,electric,ice,505,90,100,90,90,80,55,false,""
882,dracovish,water,dragon,505,90,90,100,70,80,75,false,""
883,arctovish,water,ice,505,90,90,100,80,90,55,false,""
884,duraludon,steel,dragon,535,70,95,115,120,50,85,false,"archaludon"
1018,archaludon,steel,dragon,600,90,105,130,125,65,85,false,""
885,dreepy,dragon,ghost,270,28,60,30,40,30,82,false,"drakloak"
886,drakloak,dragon,ghost,410,68,80,50,60,50,102,false,"dragapult"
887,dragapult,dragon,ghost,600,88,120,75,100,75,142,false,""
888,zacian,fairy,,660,92,120,115,80,115,138,true,""
889,zamazenta,fighting,,660,92,120,115,80,115,138,true,""
890,eternatus,poison,dragon,690,140,85,95,145,95,130,true,""
891,kubfu,fighting,,385,60,90,60,53,50,72,true,"urshifu"
892,urshifu,fighting,dark,550,100,130,100,63,60,97,true,""
893,zarude,dark,grass,600,105,120,105,70,95,105,false,""
894,regieleki,electric,,580,80,100,50,100,50,200,true,""
895,regidrago,dragon,,580,200,100,50,100,50,80,true,""
896,glastrier,ice,,580,100,145,130,65,110,30,true,""
897,spectrier,ghost,,580,100,65,60,145,80,130,true,""
898,calyrex,psychic,grass,500,100,80,80,80,80,80,true,""
905,enamorus,fairy,flying,580,74,115,70,135,80,106,true,""
906,sprigatito,grass,,310,40,61,54,45,45,65,false,"floragato"
907,floragato,grass,,410,61,80,63,60,63,83,false,"meowscarada"
908,meowscarada,grass,dark,530,76,110,70,81,70,123,false,""
909,fuecoco,fire,,310,67,45,59,63,40,36,false,"crocalor"
910,crocalor,fire,,411,81,55,78,90,58,49,false,"skeledirge"
911,skeledirge,fire,ghost,530,104,75,100,110,75,66,false,""
912,quaxly,water,,310,55,65,45,50,45,50,false,"quaxwell"
913,quaxwell,water,,410,70,85,65,65,60,65,false,"quaquaval"
914,quaquaval,water,fighting,530,85,120,80,85,75,85,false,""
915,lechonk,normal,,254,54,45,40,35,45,35,false,"oinkologne"
916,oinkologne,normal,,489,110,100,75,59,80,65,false,""
917,tarountula,bug,,210,35,41,45,29,40,20,false,"spidops"
918,spidops,bug,,404,60,79,92,52,86,35,false,""
919,nymble,bug,,210,33,46,40,21,25,45,false,"lokix"
920,lokix,bug,dark,450,71,102,78,52,55,92,false,""
921,pawmi,electric,,240,45,50,20,40,25,60,false,"pawmo"
922,pawmo,electric,fighting,350,60,75,40,50,40,85,false,"pawmot"
923,pawmot,electric,fighting,490,70,115,70,70,60,105,false,""
924,tandemaus,normal,,305,50,50,45,40,45,75,false,"maushold"
925,maushold,normal,,470,74,75,70,65,75,111,false,""
926,fidough,fairy,,312,37,55,70,30,55,65,false,"dachsbun"
927,dachsbun,fairy,,477,57,80,115,50,80,95,false,""
928,smoliv,grass,normal,260,41,35,45,58,51,30,false,"dolliv"
929,dolliv,grass,normal,354,52,53,60,78,78,33,false,"arboliva"
930,arboliva,grass,normal,510,78,69,90,125,109,39,false,""
931,squawkabilly,normal,flying,417,82,96,51,45,51,92,false,""
932,nacli,rock,,280,55,55,75,35,35,25,false,"naclstack"
933,naclstack,rock,,355,60,60,100,35,65,35,false,"garganacl"
934,garganacl,rock,,500,100,100,130,45,90,35,false,""
935,charcadet,fire,,255,40,50,40,50,40,35,false,"armarouge,ceruledge"
936,armarouge,fire,psychic,525,85,60,100,125,80,75,false,""
937,ceruledge,fire,ghost,525,75,125,80,60,100,85,false,""
938,tadbulb,electric,,272,61,31,41,59,35,45,false,"bellibolt"
939,bellibolt,electric,,495,109,64,91,103,83,45,false,""
940,wattrel,electric,flying,280,40,40,35,55,40,70,false,"kilowattrel"
941,kilowattrel,electric,flying,490,70,70,60,105,60,125,false,""
942,maschiff,dark,,340,60,78,60,40,51,51,false,"mabosstiff"
943,mabosstiff,dark,,505,80,120,90,60,70,85,false,""
944,shroodle,poison,normal,290,40,65,35,40,35,75,false,"grafaiai"
945,grafaiai,poison,normal,485,63,95,65,80,72,110,false,""
946,bramblin,grass,ghost,275,40,65,30,45,35,60,false,"brambleghast"
947,brambleghast,grass,ghost,480,55,115,70,80,70,90,false,""
948,toedscool,ground,grass,335,40,40,35,50,100,70,false,"toedscruel"
949,toedscruel,ground,grass,515,80,70,65,80,120,100,false,""
950,klawf,rock,,450,70,100,115,35,55,75,false,""
951,capsakid,grass,,304,50,62,40,62,40,50,false,"scovillain"
952,scovillain,grass,fire,486,65,108,65,108,65,75,false,""
953,rellor,bug,,270,41,50,60,31,58,30,false,"rabsca"
954,rabsca,bug,psychic,470,75,50,85,115,100,45,false,""
955,flittle,psychic,,255,30,35,30,55,30,75,false,"espathra"
956,espathra,psychic,,481,95,60,60,101,60,105,false,""
957,tinkatink,fairy,steel,297,50,45,45,35,64,58,false,"tinkatuff"
958,tinkatuff,fairy,steel,380,65,55,55,45,82,78,false,"tinkaton"
959,tinkaton,fairy,steel,506,85,75,77,70,105,94,false,""
960,wiglett,water,,245,10,55,25,35,25,95,false,"wugtrio"
961,wugtrio,water,,425,35,100,50,50,70,120,false,""
962,bombirdier,flying,dark,485,70,103,85,60,85,82,false,""
963,finizen,water,,315,70,45,40,45,40,75,false,"palafin"
964,palafin,water,,457,100,70,72,53,62,100,false,""
965,varoom,steel,poison,300,45,70,63,30,45,47,false,"revavroom"
966,revavroom,steel,poison,500,80,119,90,54,67,90,false,""
967,cyclizar,dragon,normal,501,70,95,65,85,65,121,false,""
968,orthworm,steel,,480,70,85,145,60,55,65,false,""
969,glimmet,rock,poison,350,48,35,42,105,60,60,false,"glimmora"
970,glimmora,rock,poison,525,83,55,90,130,81,86,false,""
971,greavard,ghost,,290,50,61,60,30,55,34,false,"houndstone"
972,houndstone,ghost,,488,72,101,100,50,97,68,false,""
973,flamigo,flying,fighting,500,82,115,74,75,64,90,false,""
974,cetoddle,ice,,334,108,68,45,30,40,43,false,"cetitan"
975,cetitan,ice,,521,170,113,65,45,55,73,false,""
976,veluza,water,psychic,478,90,102,73,78,65,70,false,""
977,dondozo,water,,530,150,100,115,65,65,35,false,""
978,tatsugiri,dragon,water,475,68,50,60,120,95,82,false,""
984,great-tusk,ground,fighting,570,115,131,131,53,53,87,false,""
985,scream-tail,fairy,psychic,570,115,65,99,65,115,111,false,""
986,brute-bonnet,grass,dark,570,111,127,99,79,99,55,false,""
987,flutter-mane,ghost,fairy,570,55,55,55,135,135,135,false,""
988,slither-wing,bug,fighting,570,85,135,79,85,105,81,false,""
989,sandy-shocks,electric,ground,570,85,81,97,121,85,101,false,""
990,iron-treads,ground,steel,570,90,112,120,72,70,106,false,""
991,iron-bundle,ice,water,570,56,80,114,124,60,136,false,""
992,iron-hands,fighting,electric,570,154,140,108,50,68,50,false,""
993,iron-jugulis,dark,flying,570,94,80,86,122,80,108,false,""
994,iron-moth,fire,poison,570,80,70,60,140,110,110,false,""
995,iron-thorns,rock,electric,570,100,134,110,70,84,72,false,""
996,frigibax,dragon,ice,320,65,75,45,35,45,55,false,"arctibax"
997,arctibax,dragon,ice,423,90,95,66,45,65,62,false,"baxcalibur"
998,baxcalibur,dragon,ice,600,115,145,92,75,86,87,false,""
999,gimmighoul,ghost,,300,45,30,70,75,70,10,false,"gholdengo"
1000,gholdengo,steel,ghost,550,87,60,95,133,91,84,false,""
1001,wo-chien,dark,grass,570,85,85,100,95,135,70,true,""
1002,chien-pao,dark,ice,570,80,120,80,90,65,135,true,""
1003,ting-lu,dark,ground,570,155,110,125,55,80,45,true,""
1004,chi-yu,dark,fire,570,55,80,80,135,120,100,true,""
1005,roaring-moon,dragon,dark,590,105,139,71,55,101,119,false,""
1006,iron-valiant,fairy,fighting,590,74,130,90,120,60,116,false,""
1007,koraidon,fighting,dragon,670,100,135,115,85,100,135,true,""
1008,miraidon,electric,dragon,670,100,85,100,135,115,135,true,""
1009,walking-wake,water,dragon,590,99,83,91,125,83,109,false,""
1010,iron-leaves,grass,psychic,590,90,130,88,70,108,104,false,""
1012,poltchageist,grass,ghost,308,40,45,45,74,54,50,false,"sinistcha"
1013,sinistcha,grass,ghost,508,71,60,106,121,80,70,false,""
1014,okidogi,poison,fighting,555,88,128,115,58,86,80,true,""
1015,munkidori,poison,psychic,555,88,75,66,130,90,106,true,""
1016,fezandipiti,poison,fairy,555,88,91,82,70,125,99,true,""
1017,ogerpon,grass,,550,80,120,84,60,96,110,true,""
1020,gouging-fire,fire,dragon,590,105,115,121,65,93,91,false,""
1021,raging-bolt,electric,dragon,590,125,73,91,137,89,75,false,""
1023,iron-crown,steel,psychic,590,90,72,100,122,108,98,false,""
1022,iron-boulder,rock,psychic,590,90,120,80,68,108,124,false,""
1024,terapagos,normal,,450,90,65,85,65,85,60,true,""
1025,pecharunt,poison,ghost,600,88,88,160,88,88,88,false,""